{"cameraMode":{"drawMode":0,"name":"Shaded","section":"Shading Mode"},"sceneLighting":true,"audioPlay":false,"sceneViewState":{"showFog":true,"showMaterialUpdate":false,"showSkybox":true,"showFlares":true,"showImageEffects":true,"showParticleSystems":true},"in2DMode":false,"pivot":{"x":-0.2203369140625,"y":0.102020263671875,"z":0.42205810546875},"rotation":{"x":0.17128248512744904,"y":-0.4185878336429596,"z":0.0807199776172638,"w":0.8882178068161011},"size":0.6610384583473206,"orthographic":true}